[
  {
    "name": "Afghanistan",
    "dial_code": "+93",
    "alpha3": "AFG",
    "code": "af"
  },
  {
    "name": "Albania",
    "dial_code": "+355",
    "alpha3": "ALB",
    "code": "al"
  },
  {
    "name": "Algeria",
    "dial_code": "+213",
    "alpha3": "DZA",
    "code": "dz"
  },
  {
    "name": "Andorra",
    "dial_code": "+376",
    "alpha3": "AND",
    "code": "ad"
  },
  {
    "name": "Angola",
    "dial_code": "+244",
    "alpha3": "AGO",
    "code": "ao"
  },
  {
    "name": "Antigua and Barbuda",
    "dial_code": "+1-268",
    "alpha3": "ATG",
    "code": "ag"
  },
  {
    "name": "Argentina",
    "dial_code": "+54",
    "alpha3": "ARG",
    "code": "ar"
  },
  {
    "name": "Armenia",
    "dial_code": "+374",
    "alpha3": "ARM",
    "code": "am"
  },
  {
    "name": "Australia",
    "dial_code": "+61",
    "alpha3": "AUS",
    "code": "au"
  },
  {
    "name": "Austria",
    "dial_code": "+43",
    "alpha3": "AUT",
    "code": "at"
  },
  {
    "name": "Azerbaijan",
    "dial_code": "+994",
    "alpha3": "AZE",
    "code": "az"
  },
  {
    "name": "Bahamas",
    "dial_code": "+1-242",
    "alpha3": "BHS",
    "code": "bs"
  },
  {
    "name": "Bahrain",
    "dial_code": "+973",
    "alpha3": "BHR",
    "code": "bh"
  },
  {
    "name": "Bangladesh",
    "dial_code": "+880",
    "alpha3": "BGD",
    "code": "bd"
  },
  {
    "name": "Barbados",
    "dial_code": "+1-246",
    "alpha3": "BRB",
    "code": "bb"
  },
  {
    "name": "Belarus",
    "dial_code": "+375",
    "alpha3": "BLR",
    "code": "by"
  },
  {
    "name": "Belgium",
    "dial_code": "+32",
    "alpha3": "BEL",
    "code": "be"
  },
  {
    "name": "Belize",
    "dial_code": "+501",
    "alpha3": "BLZ",
    "code": "bz"
  },
  {
    "name": "Benin",
    "dial_code": "+229",
    "alpha3": "BEN",
    "code": "bj"
  },
  {
    "name": "Bhutan",
    "dial_code": "+975",
    "alpha3": "BTN",
    "code": "bt"
  },
  {
    "name": "Bolivia",
    "dial_code": "+591",
    "alpha3": "BOL",
    "code": "bo"
  },
  {
    "name": "Bosnia and Herzegovina",
    "dial_code": "+387",
    "alpha3": "BIH",
    "code": "ba"
  },
  {
    "name": "Botswana",
    "dial_code": "+267",
    "alpha3": "BWA",
    "code": "bw"
  },
  {
    "name": "Brazil",
    "dial_code": "+55",
    "alpha3": "BRA",
    "code": "br"
  },
  {
    "name": "Brunei",
    "dial_code": "+673",
    "alpha3": "BRN",
    "code": "bn"
  },
  {
    "name": "Bulgaria",
    "dial_code": "+359",
    "alpha3": "BGR",
    "code": "bg"
  },
  {
    "name": "Burkina Faso",
    "dial_code": "+226",
    "alpha3": "BFA",
    "code": "bf"
  },
  {
    "name": "Burundi",
    "dial_code": "+257",
    "alpha3": "BDI",
    "code": "bi"
  },
  {
    "name": "Cabo Verde",
    "dial_code": "+238",
    "alpha3": "CPV",
    "code": "cv"
  },
  {
    "name": "Cambodia",
    "dial_code": "+855",
    "alpha3": "KHM",
    "code": "kh"
  },
  {
    "name": "Cameroon",
    "dial_code": "+237",
    "alpha3": "CMR",
    "code": "cm"
  },
  {
    "name": "Canada",
    "dial_code": "+1",
    "alpha3": "CAN",
    "code": "ca"
  },
  {
    "name": "Central African Republic",
    "dial_code": "+236",
    "alpha3": "CAF",
    "code": "cf"
  },
  {
    "name": "Chad",
    "dial_code": "+235",
    "alpha3": "TCD",
    "code": "td"
  },
  {
    "name": "Chile",
    "dial_code": "+56",
    "alpha3": "CHL",
    "code": "cl"
  },
  {
    "name": "China",
    "dial_code": "+86",
    "alpha3": "CHN",
    "code": "cn"
  },
  {
    "name": "Colombia",
    "dial_code": "+57",
    "alpha3": "COL",
    "code": "co"
  },
  {
    "name": "Comoros",
    "dial_code": "+269",
    "alpha3": "COM",
    "code": "km"
  },
  {
    "name": "Congo",
    "dial_code": "+242",
    "alpha3": "COG",
    "code": "cg"
  },
  {
    "name": "Costa Rica",
    "dial_code": "+506",
    "alpha3": "CRI",
    "code": "cr"
  },
  {
    "name": "Croatia",
    "dial_code": "+385",
    "alpha3": "HRV",
    "code": "hr"
  },
  {
    "name": "Cuba",
    "dial_code": "+53",
    "alpha3": "CUB",
    "code": "cu"
  },
  {
    "name": "Cyprus",
    "dial_code": "+357",
    "alpha3": "CYP",
    "code": "cy"
  },
  {
    "name": "Czech Republic",
    "dial_code": "+420",
    "alpha3": "CZE",
    "code": "cz"
  },
  {
    "name": "Democratic Republic of the Congo",
    "dial_code": "+243",
    "alpha3": "COD",
    "code": "cd"
  },
  {
    "name": "Denmark",
    "dial_code": "+45",
    "alpha3": "DNK",
    "code": "dk"
  },
  {
    "name": "Djibouti",
    "dial_code": "+253",
    "alpha3": "DJI",
    "code": "dj"
  },
  {
    "name": "Dominica",
    "dial_code": "+1-767",
    "alpha3": "DMA",
    "code": "dm"
  },
  {
    "name": "Dominican Republic",
    "dial_code": "+1-809",
    "alpha3": "DOM",
    "code": "do"
  },
  {
    "name": "Ecuador",
    "dial_code": "+593",
    "alpha3": "ECU",
    "code": "ec"
  },
  {
    "name": "Egypt",
    "dial_code": "+20",
    "alpha3": "EGY",
    "code": "eg"
  },
  {
    "name": "El Salvador",
    "dial_code": "+503",
    "alpha3": "SLV",
    "code": "sv"
  },
  {
    "name": "Equatorial Guinea",
    "dial_code": "+240",
    "alpha3": "GNQ",
    "code": "gq"
  },
  {
    "name": "Eritrea",
    "dial_code": "+291",
    "alpha3": "ERI",
    "code": "er"
  },
  {
    "name": "Estonia",
    "dial_code": "+372",
    "alpha3": "EST",
    "code": "ee"
  },
  {
    "name": "Eswatini",
    "dial_code": "+268",
    "alpha3": "SWZ",
    "code": "sz"
  },
  {
    "name": "Ethiopia",
    "dial_code": "+251",
    "alpha3": "ETH",
    "code": "et"
  },
  {
    "name": "Fiji",
    "dial_code": "+679",
    "alpha3": "FJI",
    "code": "fj"
  },
  {
    "name": "Finland",
    "dial_code": "+358",
    "alpha3": "FIN",
    "code": "fi"
  },
  {
    "name": "France",
    "dial_code": "+33",
    "alpha3": "FRA",
    "code": "fr"
  },
  {
    "name": "Gabon",
    "dial_code": "+241",
    "alpha3": "GAB",
    "code": "ga"
  },
  {
    "name": "Gambia",
    "dial_code": "+220",
    "alpha3": "GMB",
    "code": "gm"
  },
  {
    "name": "Georgia",
    "dial_code": "+995",
    "alpha3": "GEO",
    "code": "ge"
  },
  {
    "name": "Germany",
    "dial_code": "+49",
    "alpha3": "DEU",
    "code": "de"
  },
  {
    "name": "Ghana",
    "dial_code": "+233",
    "alpha3": "GHA",
    "code": "gh"
  },
  {
    "name": "Greece",
    "dial_code": "+30",
    "alpha3": "GRC",
    "code": "gr"
  },
  {
    "name": "Grenada",
    "dial_code": "+1-473",
    "alpha3": "GRD",
    "code": "gd"
  },
  {
    "name": "Guatemala",
    "dial_code": "+502",
    "alpha3": "GTM",
    "code": "gt"
  },
  {
    "name": "Guinea",
    "dial_code": "+224",
    "alpha3": "GIN",
    "code": "gn"
  },
  {
    "name": "Guinea-Bissau",
    "dial_code": "+245",
    "alpha3": "GNB",
    "code": "gw"
  },
  {
    "name": "Guyana",
    "dial_code": "+592",
    "alpha3": "GUY",
    "code": "gy"
  },
  {
    "name": "Haiti",
    "dial_code": "+509",
    "alpha3": "HTI",
    "code": "ht"
  },
  {
    "name": "Holy See",
    "dial_code": "+379",
    "alpha3": "VAT",
    "code": "va"
  },
  {
    "name": "Honduras",
    "dial_code": "+504",
    "alpha3": "HND",
    "code": "hn"
  },
  {
    "name": "Hungary",
    "dial_code": "+36",
    "alpha3": "HUN",
    "code": "hu"
  },
  {
    "name": "Iceland",
    "dial_code": "+354",
    "alpha3": "ISL",
    "code": "is"
  },
  {
    "name": "India",
    "dial_code": "+91",
    "alpha3": "IND",
    "code": "in"
  },
  {
    "name": "Indonesia",
    "dial_code": "+62",
    "alpha3": "IDN",
    "code": "id"
  },
  {
    "name": "Iran",
    "dial_code": "+98",
    "alpha3": "IRN",
    "code": "ir"
  },
  {
    "name": "Iraq",
    "dial_code": "+964",
    "alpha3": "IRQ",
    "code": "iq"
  },
  {
    "name": "Ireland",
    "dial_code": "+353",
    "alpha3": "IRL",
    "code": "ie"
  },
  {
    "name": "Israel",
    "dial_code": "+972",
    "alpha3": "ISR",
    "code": "il"
  },
  {
    "name": "Italy",
    "dial_code": "+39",
    "alpha3": "ITA",
    "code": "it"
  },
  {
    "name": "Ivory Coast",
    "dial_code": "+225",
    "alpha3": "CIV",
    "code": "ci"
  },
  {
    "name": "Jamaica",
    "dial_code": "+1-876",
    "alpha3": "JAM",
    "code": "jm"
  },
  {
    "name": "Japan",
    "dial_code": "+81",
    "alpha3": "JPN",
    "code": "jp"
  },
  {
    "name": "Jordan",
    "dial_code": "+962",
    "alpha3": "JOR",
    "code": "jo"
  },
  {
    "name": "Kazakhstan",
    "dial_code": "+7",
    "alpha3": "KAZ",
    "code": "kz"
  },
  {
    "name": "Kenya",
    "dial_code": "+254",
    "alpha3": "KEN",
    "code": "ke"
  },
  {
    "name": "Kiribati",
    "dial_code": "+686",
    "alpha3": "KIR",
    "code": "ki"
  },
  {
    "name": "Kuwait",
    "dial_code": "+965",
    "alpha3": "KWT",
    "code": "kw"
  },
  {
    "name": "Kyrgyzstan",
    "dial_code": "+996",
    "alpha3": "KGZ",
    "code": "kg"
  },
  {
    "name": "Laos",
    "dial_code": "+856",
    "alpha3": "LAO",
    "code": "la"
  },
  {
    "name": "Latvia",
    "dial_code": "+371",
    "alpha3": "LVA",
    "code": "lv"
  },
  {
    "name": "Lebanon",
    "dial_code": "+961",
    "alpha3": "LBN",
    "code": "lb"
  },
  {
    "name": "Lesotho",
    "dial_code": "+266",
    "alpha3": "LSO",
    "code": "ls"
  },
  {
    "name": "Liberia",
    "dial_code": "+231",
    "alpha3": "LBR",
    "code": "lr"
  },
  {
    "name": "Libya",
    "dial_code": "+218",
    "alpha3": "LBY",
    "code": "ly"
  },
  {
    "name": "Liechtenstein",
    "dial_code": "+423",
    "alpha3": "LIE",
    "code": "li"
  },
  {
    "name": "Lithuania",
    "dial_code": "+370",
    "alpha3": "LTU",
    "code": "lt"
  },
  {
    "name": "Luxembourg",
    "dial_code": "+352",
    "alpha3": "LUX",
    "code": "lu"
  },
  {
    "name": "Madagascar",
    "dial_code": "+261",
    "alpha3": "MDG",
    "code": "mg"
  },
  {
    "name": "Malawi",
    "dial_code": "+265",
    "alpha3": "MWI",
    "code": "mw"
  },
  {
    "name": "Malaysia",
    "dial_code": "+60",
    "alpha3": "MYS",
    "code": "my"
  },
  {
    "name": "Maldives",
    "dial_code": "+960",
    "alpha3": "MDV",
    "code": "mv"
  },
  {
    "name": "Mali",
    "dial_code": "+223",
    "alpha3": "MLI",
    "code": "ml"
  },
  {
    "name": "Malta",
    "dial_code": "+356",
    "alpha3": "MLT",
    "code": "mt"
  },
  {
    "name": "Marshall Islands",
    "dial_code": "+692",
    "alpha3": "MHL",
    "code": "mh"
  },
  {
    "name": "Mauritania",
    "dial_code": "+222",
    "alpha3": "MRT",
    "code": "mr"
  },
  {
    "name": "Mauritius",
    "dial_code": "+230",
    "alpha3": "MUS",
    "code": "mu"
  },
  {
    "name": "Mexico",
    "dial_code": "+52",
    "alpha3": "MEX",
    "code": "mx"
  },
  {
    "name": "Micronesia",
    "dial_code": "+691",
    "alpha3": "FSM",
    "code": "fm"
  },
  {
    "name": "Moldova",
    "dial_code": "+373",
    "alpha3": "MDA",
    "code": "md"
  },
  {
    "name": "Monaco",
    "dial_code": "+377",
    "alpha3": "MCO",
    "code": "mc"
  },
  {
    "name": "Mongolia",
    "dial_code": "+976",
    "alpha3": "MNG",
    "code": "mn"
  },
  {
    "name": "Montenegro",
    "dial_code": "+382",
    "alpha3": "MNE",
    "code": "me"
  },
  {
    "name": "Morocco",
    "dial_code": "+212",
    "alpha3": "MAR",
    "code": "ma"
  },
  {
    "name": "Mozambique",
    "dial_code": "+258",
    "alpha3": "MOZ",
    "code": "mz"
  },
  {
    "name": "Myanmar",
    "dial_code": "+95",
    "alpha3": "MMR",
    "code": "mm"
  },
  {
    "name": "Namibia",
    "dial_code": "+264",
    "alpha3": "NAM",
    "code": "na"
  },
  {
    "name": "Nauru",
    "dial_code": "+674",
    "alpha3": "NRU",
    "code": "nr"
  },
  {
    "name": "Nepal",
    "dial_code": "+977",
    "alpha3": "NPL",
    "code": "np"
  },
  {
    "name": "Netherlands",
    "dial_code": "+31",
    "alpha3": "NLD",
    "code": "nl"
  },
  {
    "name": "New Zealand",
    "dial_code": "+64",
    "alpha3": "NZL",
    "code": "nz"
  },
  {
    "name": "Nicaragua",
    "dial_code": "+505",
    "alpha3": "NIC",
    "code": "ni"
  },
  {
    "name": "Niger",
    "dial_code": "+227",
    "alpha3": "NER",
    "code": "ne"
  },
  {
    "name": "Nigeria",
    "dial_code": "+234",
    "alpha3": "NGA",
    "code": "ng"
  },
  {
    "name": "North Korea",
    "dial_code": "+850",
    "alpha3": "PRK",
    "code": "kp"
  },
  {
    "name": "North Macedonia",
    "dial_code": "+389",
    "alpha3": "MKD",
    "code": "mk"
  },
  {
    "name": "Norway",
    "dial_code": "+47",
    "alpha3": "NOR",
    "code": "no"
  },
  {
    "name": "Oman",
    "dial_code": "+968",
    "alpha3": "OMN",
    "code": "om"
  },
  {
    "name": "Pakistan",
    "dial_code": "+92",
    "alpha3": "PAK",
    "code": "pk"
  },
  {
    "name": "Palau",
    "dial_code": "+680",
    "alpha3": "PLW",
    "code": "pw"
  },
  {
    "name": "Palestine State",
    "dial_code": "+970",
    "alpha3": "PSE",
    "code": "ps"
  },
  {
    "name": "Panama",
    "dial_code": "+507",
    "alpha3": "PAN",
    "code": "pa"
  },
  {
    "name": "Papua New Guinea",
    "dial_code": "+675",
    "alpha3": "PNG",
    "code": "pg"
  },
  {
    "name": "Paraguay",
    "dial_code": "+595",
    "alpha3": "PRY",
    "code": "py"
  },
  {
    "name": "Peru",
    "dial_code": "+51",
    "alpha3": "PER",
    "code": "pe"
  },
  {
    "name": "Philippines",
    "dial_code": "+63",
    "alpha3": "PHL",
    "code": "ph"
  },
  {
    "name": "Poland",
    "dial_code": "+48",
    "alpha3": "POL",
    "code": "pl"
  },
  {
    "name": "Portugal",
    "dial_code": "+351",
    "alpha3": "PRT",
    "code": "pt"
  },
  {
    "name": "Qatar",
    "dial_code": "+974",
    "alpha3": "QAT",
    "code": "qa"
  },
  {
    "name": "Romania",
    "dial_code": "+40",
    "alpha3": "ROU",
    "code": "ro"
  },
  {
    "name": "Russia",
    "dial_code": "+7",
    "alpha3": "RUS",
    "code": "ru"
  },
  {
    "name": "Rwanda",
    "dial_code": "+250",
    "alpha3": "RWA",
    "code": "rw"
  },
  {
    "name": "Saint Kitts and Nevis",
    "dial_code": "+1-869",
    "alpha3": "KNA",
    "code": "kn"
  },
  {
    "name": "Saint Lucia",
    "dial_code": "+1-758",
    "alpha3": "LCA",
    "code": "lc"
  },
  {
    "name": "Saint Vincent and the Grenadines",
    "dial_code": "+1-784",
    "alpha3": "VCT",
    "code": "vc"
  },
  {
    "name": "Samoa",
    "dial_code": "+685",
    "alpha3": "WSM",
    "code": "ws"
  },
  {
    "name": "San Marino",
    "dial_code": "+378",
    "alpha3": "SMR",
    "code": "sm"
  },
  {
    "name": "Sao Tome and Principe",
    "dial_code": "+239",
    "alpha3": "STP",
    "code": "st"
  },
  {
    "name": "Saudi Arabia",
    "dial_code": "+966",
    "alpha3": "SAU",
    "code": "sa"
  },
  {
    "name": "Senegal",
    "dial_code": "+221",
    "alpha3": "SEN",
    "code": "sn"
  },
  {
    "name": "Serbia",
    "dial_code": "+381",
    "alpha3": "SRB",
    "code": "rs"
  },
  {
    "name": "Seychelles",
    "dial_code": "+248",
    "alpha3": "SYC",
    "code": "sc"
  },
  {
    "name": "Sierra Leone",
    "dial_code": "+232",
    "alpha3": "SLE",
    "code": "sl"
  },
  {
    "name": "Singapore",
    "dial_code": "+65",
    "alpha3": "SGP",
    "code": "sg"
  },
  {
    "name": "Slovakia",
    "dial_code": "+421",
    "alpha3": "SVK",
    "code": "sk"
  },
  {
    "name": "Slovenia",
    "dial_code": "+386",
    "alpha3": "SVN",
    "code": "si"
  },
  {
    "name": "Solomon Islands",
    "dial_code": "+677",
    "alpha3": "SLB",
    "code": "sb"
  },
  {
    "name": "Somalia",
    "dial_code": "+252",
    "alpha3": "SOM",
    "code": "so"
  },
  {
    "name": "South Africa",
    "dial_code": "+27",
    "alpha3": "ZAF",
    "code": "za"
  },
  {
    "name": "South Korea",
    "dial_code": "+82",
    "alpha3": "KOR",
    "code": "kr"
  },
  {
    "name": "South Sudan",
    "dial_code": "+211",
    "alpha3": "SSD",
    "code": "ss"
  },
  {
    "name": "Spain",
    "dial_code": "+34",
    "alpha3": "ESP",
    "code": "es"
  },
  {
    "name": "Sri Lanka",
    "dial_code": "+94",
    "alpha3": "LKA",
    "code": "lk"
  },
  {
    "name": "Sudan",
    "dial_code": "+249",
    "alpha3": "SDN",
    "code": "sd"
  },
  {
    "name": "Suriname",
    "dial_code": "+597",
    "alpha3": "SUR",
    "code": "sr"
  },
  {
    "name": "Sweden",
    "dial_code": "+46",
    "alpha3": "SWE",
    "code": "se"
  },
  {
    "name": "Switzerland",
    "dial_code": "+41",
    "alpha3": "CHE",
    "code": "ch"
  },
  {
    "name": "Syria",
    "dial_code": "+963",
    "alpha3": "SYR",
    "code": "sy"
  },
  {
    "name": "Tajikistan",
    "dial_code": "+992",
    "alpha3": "TJK",
    "code": "tj"
  },
  {
    "name": "Tanzania",
    "dial_code": "+255",
    "alpha3": "TZA",
    "code": "tz"
  },
  {
    "name": "Thailand",
    "dial_code": "+66",
    "alpha3": "THA",
    "code": "th"
  },
  {
    "name": "Timor-Leste",
    "dial_code": "+670",
    "alpha3": "TLS",
    "code": "tl"
  },
  {
    "name": "Togo",
    "dial_code": "+228",
    "alpha3": "TGO",
    "code": "tg"
  },
  {
    "name": "Tonga",
    "dial_code": "+676",
    "alpha3": "TON",
    "code": "to"
  },
  {
    "name": "Trinidad and Tobago",
    "dial_code": "+1-868",
    "alpha3": "TTO",
    "code": "tt"
  },
  {
    "name": "Tunisia",
    "dial_code": "+216",
    "alpha3": "TUN",
    "code": "tn"
  },
  {
    "name": "Turkey",
    "dial_code": "+90",
    "alpha3": "TUR",
    "code": "tr"
  },
  {
    "name": "Turkmenistan",
    "dial_code": "+993",
    "alpha3": "TKM",
    "code": "tm"
  },
  {
    "name": "Tuvalu",
    "dial_code": "+688",
    "alpha3": "TUV",
    "code": "tv"
  },
  {
    "name": "Uganda",
    "dial_code": "+256",
    "alpha3": "UGA",
    "code": "ug"
  },
  {
    "name": "Ukraine",
    "dial_code": "+380",
    "alpha3": "UKR",
    "code": "ua"
  },
  {
    "name": "United Arab Emirates",
    "dial_code": "+971",
    "alpha3": "ARE",
    "code": "ae"
  },
  {
    "name": "United Kingdom",
    "dial_code": "+44",
    "alpha3": "GBR",
    "code": "gb"
  },
  {
    "name": "United States of America",
    "dial_code": "+1",
    "alpha3": "USA",
    "code": "us"
  },
  {
    "name": "Uruguay",
    "dial_code": "+598",
    "alpha3": "URY",
    "code": "uy"
  },
  {
    "name": "Uzbekistan",
    "dial_code": "+998",
    "alpha3": "UZB",
    "code": "uz"
  },
  {
    "name": "Vanuatu",
    "dial_code": "+678",
    "alpha3": "VUT",
    "code": "vu"
  },
  {
    "name": "Venezuela",
    "dial_code": "+58",
    "alpha3": "VEN",
    "code": "ve"
  },
  {
    "name": "Vietnam",
    "dial_code": "+84",
    "alpha3": "VNM",
    "code": "vn"
  },
  {
    "name": "Yemen",
    "dial_code": "+967",
    "alpha3": "YEM",
    "code": "ye"
  },
  {
    "name": "Zambia",
    "dial_code": "+260",
    "alpha3": "ZMB",
    "code": "zm"
  },
  {
    "name": "Zimbabwe",
    "dial_code": "+263",
    "alpha3": "ZWE",
    "code": "zw"
  },
  {
    "name": "Unknown",
    "dial_code": "0",
    "alpha3": "UNK",
    "code": "un"
  }
]